Name,Blood Group,Phone,District,Location,Postal Code,Donate,Request,Availability
Arif Hasan,A+,171000011,Dhaka,Dhaka Cantonment,1200,88,92,1
Zahid Hasan,A-,171000012,Dhaka,Dhaka Cantonment,1200,33,37,1
Rafique Uddin,B-,171000013,Dhaka,Dhaka Cantonment,1200,129,133,1
Afsana Mimi,O+,171000014,Dhaka,Dhamrai,1350,56,60,1
Akash Ahmed,B+,171000015,Dhaka,Dhamrai,1351,126,130,1
Al Imran,A-,171000016,Dhaka,Dhanmondi,1209,72,76,1
Ayan Khan,O-,171000017,Dhaka,Jigatala TSO,1209,132,136,1
Abdul Jabbar,AB+,171000018,Dhaka,Banani TSO,1213,71,75,1
Abdul Fattah,O+,171000019,Dhaka,Badda,1212,96,100,1
Abdul Alim,A+,171000020,Dhaka,Gulshan Model Town,1212,118,122,1
Ashraf Siraji,AB-,171000021,Dhaka,Dhania TSO,1236,90,94,1
Abdur Razzak,AB+,171000022,Dhaka,Meghula,1330,49,53,1
Abdus Sobahan,B+,171000023,Dhaka,Joypara,1331,30,34,1
Ahad Ahmed,A+,171000024,Dhaka,Narisha,1332,59,63,1
Ahnaf Hasan,AB-,171000025,Dhaka,Palamganj,1331,116,120,1
Alifa Rafa,A+,171000026,Dhaka,Ati,1312,124,128,1
Amir Hossain,O+,171000027,Dhaka,Dhaka Jute Mills,1311,67,71,1
Arjun Roy,B-,171000028,Dhaka,Kalatia,1313,50,54,1
Billal Hossain,O+,171000029,Dhaka,Keraniganj,1310,48,52,1
Durjoy Mistry,AB+,171000030,Dhaka,KhilgaonTSO,1219,40,44,1
Diganta Ahmed,B+,171000031,Dhaka,KhilkhetTSO,1229,97,101,1
Dilruba Jahan,B-,171000032,Dhaka,Posta TSO,1211,85,89,1
Dilshad Pulok,B+,171000033,Dhaka,Mirpur TSO,1216,69,73,1
Emon Rahman,A-,171000034,Dhaka,Mohammadpur Housing,1207,92,96,1
Eshita Kabir,AB-,171000035,Dhaka,Sangsad BhabanTSO,1225,84,88,1
Estaul Kabir,O-,171000036,Dhaka,BangabhabanTSO,1222,121,125,1
Fahad Ahmed,A-,171000037,Dhaka,DilkushaTSO,1223,75,79,1
Fahim Ahmed,A+,171000038,Dhaka,Agla,1323,78,82,1
Fazle Rabbi,B-,171000039,Dhaka,Churain,1325,29,33,1
Farhan Ahmed,AB+,171000040,Dhaka,Daudpur,1322,109,113,1
Faria Ulfath,B-,171000041,Dhaka,Hasnabad,1321,64,68,1
Forid Ahmed,O+,171000042,Dhaka,Khalpar,1324,87,91,1
Fariha Islam,B+,171000043,Dhaka,Nawabganj,1320,131,135,1
Farjana Laboni,B+,171000044,Dhaka,Kalabagan,1205,41,45,1
Faruq Ahmed,AB-,171000045,Dhaka,Dhaka GPO,1000,57,61,0
Fatin Abresham,A-,171000046,Dhaka,Shantinagr TSO,1217,55,59,0
Faiyaj Nakib,A+,171000047,Dhaka,Basabo TSO,1214,98,102,0
Foysal Ahmed,O-,171000048,Dhaka,Amin Bazar,1348,119,123,0
Gobinda Mandal,A-,171000049,Dhaka,Dairy Farm,1341,81,85,0
Golam Azam,B-,171000050,Dhaka,EPZ,1349,112,116,1
Habib Ahmed,B-,171000051,Dhaka,Jahangirnagar University,1342,135,139,1
Habibullah Sheikh,AB-,171000052,Dhaka,Kashem Cotton Mills,1346,79,83,1
Habibur Rahman,A+,171000053,Dhaka,Rajphulbaria,1347,89,93,1
Hanif Bhuiya,B+,171000054,Dhaka,Savar,1340,26,30,1
Haani Khan,A-,171000055,Dhaka,Savar Canttonment,1344,103,107,1
Harunor Rashid,AB+,171000056,Dhaka,Saver P.A.T.C,1343,39,43,1
Hasan Al Mamun,AB+,171000057,Dhaka,Shimulia,1345,52,56,1
Hasan Imam,B+,171000058,Dhaka,Dhaka Sadar HO,1100,114,118,1
Hasibuj Jaman,B+,171000059,Dhaka,Gandaria TSO,1204,94,98,1
Hasib Hasan,A-,171000060,Dhaka,Wari TSO,1203,104,108,1
Himu Ahmed,O+,171000061,Dhaka,Tejgaon TSO,1215,63,67,1
Hasan Himu,AB-,171000062,Dhaka,Dhaka Politechnic,1208,83,87,1
HM Abdul Wahab,O+,171000063,Dhaka,Uttara Model TownTSO,1230,27,31,1
Hossainul Abrar,A+,171000064,Dhaka,Uttara Model TownTSO,1230,42,46,1
Ihtisham Qabid,O+,171000065,Dhaka,Dhaka Cantonment,1200,45,49,1
Imran Emon,A+,171000066,Dhaka,Dhamrai,1350,66,70,0
Imtiaz Ahmed,B+,171000067,Dhaka,Dhamrai,1350,70,74,0
Iqbal Hasan,A+,171000068,Dhaka,Dhanmondi,1209,99,103,0
Israt Jahan,B+,171000069,Dhaka,Jigatala TSO,1209,102,106,0
Jaahid Hasan,B-,171000070,Dhaka,Banani TSO,1213,76,80,0
Jahirul Islam,AB+,171000071,Dhaka,Badda,1212,46,50,0
Jakir Hossain,O+,171000072,Dhaka,Gulshan Model Town,1212,31,35,1
Jannatul Ferdous,O+,171000073,Dhaka,Dhania TSO,1236,68,72,1
Jannatul Islam,A-,171000074,Dhaka,Meghula,1330,54,58,1
Jannatul Nayem,AB-,171000075,Dhaka,Joypara,1331,36,40,1
Jarin Tasnim,A-,171000076,Dhaka,Narisha,1321,111,115,1
Javed Kawsar,A+,171000077,Dhaka,Palamganj,1331,32,36,1
Jihad Islam,AB+,171000078,Dhaka,Ati,1312,58,62,1
Jewel Islam,B+,171000079,Dhaka,Dhaka Jute Mills,1311,38,42,1
Jisan Kibria,B+,171000080,Dhaka,Kalatia,1313,93,97,1
Joy Ghosh,O+,171000081,Dhaka,Keraniganj,1310,127,131,1
Jyoti Tithi,B-,171000082,Dhaka,KhilgaonTSO,1219,62,66,1
Khairun Nahar,A-,171000083,Dhaka,KhilkhetTSO,1229,77,81,1
Kalpona Islam,B+,171000084,Dhaka,Posta TSO,1211,101,105,1
Kaniz Fatema,A+,171000085,Dhaka,Mirpur TSO,1216,73,77,1
Kawsar Ahmed,O+,171000086,Dhaka,Mohammadpur Housing,1207,110,114,1
Kazi Maruf,O-,171000087,Dhaka,Sangsad BhabanTSO,1225,120,124,1
Kazi Istiak,B+,171000088,Dhaka,BangabhabanTSO,1222,108,112,1
Khadijatul Kubra,AB+,171000089,Dhaka,DilkushaTSO,1223,115,119,1
Khalid Prodhan,A+,171000090,Dhaka,Agla,1323,44,48,1
Khalid Hasan,O-,171000091,Dhaka,Churain,1325,95,99,1
Khaibar Hossain,AB+,171000092,Dhaka,Daudpur,1322,106,110,1
Lemon Rahman,B+,171000093,Dhaka,Hasnabad,1321,122,126,1
Lubon Ahmed,O-,171000094,Dhaka,Khalpar,1324,60,64,1
Lutfur Rahman,A-,171000095,Dhaka,Nawabganj,1320,74,78,1
MD Hasan,B+,171000096,Dhaka,Kalabagan,1205,28,32,1
MD Minhaz,A+,171000097,Dhaka,Dhaka GPO,1000,82,86,1
MD Niloy,AB-,171000098,Dhaka,Shantinagr TSO,1217,34,38,1
MD Sharif,B+,171000099,Dhaka,Basabo TSO,1214,125,129,1
Madhuri Chakraborty,O-,171000100,Dhaka,Amin Bazar,1348,128,132,1
Mehedi Hasan,AB+,171000101,Dhaka,Dairy Farm,1341,53,57,1
Mahi Rahman,A+,171000102,Dhaka,EPZ,1349,51,55,1
Maisha Islam,B+,171000103,Dhaka,Jahangirnagar University,1342,113,117,1
Maliha Mumtaz,O+,171000104,Dhaka,Kashem Cotton Mills,1346,43,47,1
Masud Ahmed,O+,171000105,Dhaka,Rajphulbaria,1347,123,127,1
Minhajul Islam,AB+,171000106,Dhaka,Savar,1340,35,39,1
Mostain Billah,A-,171000107,Dhaka,Savar Canttonment,1344,133,137,0
Musfika Rifa,B+,171000108,Dhaka,Saver P.A.T.C,1343,37,41,0
Mushfiq Hasan,O-,171000109,Dhaka,Shimulia,1345,134,138,0
Nayem Ferdous,AB+,171000110,Dhaka,Dhaka Sadar HO,1100,91,95,1
Naina Kabir,B+,171000111,Dhaka,Gandaria TSO,1204,65,69,1
Nayema Rahman,B+,171000112,Dhaka,Wari TSO,1203,61,65,1
Niamul Hasan,AB-,171000113,Dhaka,Tejgaon TSO,1215,80,84,1
Noman Ahmed,O+,171000114,Dhaka,Dhaka Politechnic,1208,107,111,1
Osman Goni,AB+,171000115,Dhaka,Amin Bazar,1348,117,121,1
Rahmanul Karim,B-,171000116,Dhaka,Dairy Farm,1341,130,134,1
Rafat Meraz,A+,171000117,Dhaka,EPZ,1349,86,90,1
Rashik Rahman,O+,171000118,Dhaka,Jahangirnagar University,1342,47,51,1
Mehedi Ul Hasnain,B+,171000119,Dhaka,Kashem Cotton Mills,1346,105,109,1
